{"dimensions": [584, 584, 631], "scalar_type": "short", "spacing": [0.30000001192092896, 0.30000001192092896, 0.29999542236328125]}